language,n,accuracy,mean_conf,ece,brier,overconfidence,auroc,auarc,experiment,model,dataset,n_shots
amh,500,0.258,0.3960028374791145,0.14729614275693892,0.2290888140329277,0.13800283747911452,0.46062391608683845,0.23739001048123148,afrollama_v1_afrimmlu,afrollama_v1,afrimmlu,0
eng,500,0.356,0.5806069858074189,0.2246069858074188,0.282618561480666,0.2246069858074189,0.6088003349849954,0.44920107702640444,afrollama_v1_afrimmlu,afrollama_v1,afrimmlu,0
ewe,500,0.244,0.4829252126812935,0.23892521268129346,0.25766408078638187,0.23892521268129352,0.5501127591291526,0.27597113675113527,afrollama_v1_afrimmlu,afrollama_v1,afrimmlu,0
fra,500,0.28,0.5475345959067345,0.2675345959067345,0.288457723705751,0.26753459590673445,0.5634722222222223,0.3260866072908478,afrollama_v1_afrimmlu,afrollama_v1,afrimmlu,0
hau,500,0.294,0.48421748650074004,0.19021748650074002,0.2501764312700302,0.19021748650074005,0.5752057196816405,0.3528998800210673,afrollama_v1_afrimmlu,afrollama_v1,afrimmlu,0
ibo,500,0.252,0.4967810302376747,0.24478103023767472,0.26796780274897797,0.24478103023767472,0.5358203887615651,0.28058688903408635,afrollama_v1_afrimmlu,afrollama_v1,afrimmlu,0
kin,500,0.258,0.4758487818837166,0.2178487818837166,0.2528326873875331,0.2178487818837166,0.5323345661213147,0.29012322406061514,afrollama_v1_afrimmlu,afrollama_v1,afrimmlu,0
lin,500,0.286,0.5083285611271858,0.22232856112718585,0.280525694647321,0.22232856112718585,0.4973066149536738,0.2978820667141845,afrollama_v1_afrimmlu,afrollama_v1,afrimmlu,0
lug,500,0.296,0.46169323194026946,0.1665377199649811,0.2496419249922651,0.16569323194026947,0.5351658476658476,0.3303809398760664,afrollama_v1_afrimmlu,afrollama_v1,afrimmlu,0
orm,500,0.274,0.46911644977331163,0.19892186313867566,0.2594155950006162,0.1951164497733116,0.5146488106010335,0.27174488792434204,afrollama_v1_afrimmlu,afrollama_v1,afrimmlu,0
sna,500,0.304,0.503803313434124,0.21969421905279163,0.27983376703938195,0.199803313434124,0.5044426799758016,0.3076172455049124,afrollama_v1_afrimmlu,afrollama_v1,afrimmlu,0
sot,500,0.284,0.49605006486177444,0.2120500648617744,0.27689149376800515,0.21205006486177447,0.5025179007002911,0.283652922397593,afrollama_v1_afrimmlu,afrollama_v1,afrimmlu,0
swa,500,0.294,0.4819412965774536,0.1879412965774536,0.2499317833793116,0.18794129657745362,0.5861131988206048,0.35218938582316667,afrollama_v1_afrimmlu,afrollama_v1,afrimmlu,0
twi,500,0.254,0.4993868781328201,0.2472823531627655,0.2784832756994361,0.24538687813282012,0.48789343691287923,0.24894706014654103,afrollama_v1_afrimmlu,afrollama_v1,afrimmlu,0
wol,500,0.264,0.49122049468755724,0.2272204946875572,0.26204058505141314,0.22722049468755723,0.5383934453227931,0.29753213414745705,afrollama_v1_afrimmlu,afrollama_v1,afrimmlu,0
xho,500,0.296,0.45812707901000976,0.16212707901000975,0.2523287500267946,0.16212707901000978,0.5213644041769042,0.31993401506437424,afrollama_v1_afrimmlu,afrollama_v1,afrimmlu,0
yor,500,0.29,0.480462208211422,0.19216841489076614,0.26032151831079947,0.190462208211422,0.5488101019912578,0.3234729788338883,afrollama_v1_afrimmlu,afrollama_v1,afrimmlu,0
zul,500,0.31,0.4814701269865036,0.1714701269865036,0.2615720333258872,0.1714701269865036,0.5247498831229547,0.3334583765892317,afrollama_v1_afrimmlu,afrollama_v1,afrimmlu,0
amh,797,0.2936010037641154,0.393943156172969,0.10130806235477348,0.2189847223584442,0.10034215240885358,0.5675638748462906,0.3335979500390692,afrollama_v1_uhura_truthfulqa,afrollama_v1,uhura_truthfulqa,0
eng,809,0.29171817058096416,0.4691369114132835,0.17741874083231934,0.25556483761102694,0.17741874083231934,0.5625166385659776,0.31187143769490305,afrollama_v1_uhura_truthfulqa,afrollama_v1,uhura_truthfulqa,0
hau,808,0.3626237623762376,0.44557279971714064,0.0846502858739678,0.25102221025876387,0.08294903734090303,0.5513303953079955,0.3720465124436901,afrollama_v1_uhura_truthfulqa,afrollama_v1,uhura_truthfulqa,0
nso,808,0.24628712871287128,0.553750529811524,0.30746340109865267,0.2999374226186043,0.30746340109865267,0.5777409213555462,0.27793287511025744,afrollama_v1_uhura_truthfulqa,afrollama_v1,uhura_truthfulqa,0
swa,807,0.34076827757125155,0.46253505448869614,0.12176677691744457,0.2512434871782323,0.12176677691744459,0.560580997949419,0.3651898826259185,afrollama_v1_uhura_truthfulqa,afrollama_v1,uhura_truthfulqa,0
yor,809,0.37082818294190356,0.41840662498703995,0.07197588928992435,0.24970780905211098,0.04757844204513639,0.5297314996725606,0.37752100921046494,afrollama_v1_uhura_truthfulqa,afrollama_v1,uhura_truthfulqa,0
zul,778,0.33676092544987146,0.4552516811611107,0.12162599833275173,0.2446681453803579,0.11849075571123924,0.5611944493757026,0.3791774003632208,afrollama_v1_uhura_truthfulqa,afrollama_v1,uhura_truthfulqa,0
amh,792,0.3345959595959596,0.39768735575254516,0.06351043652705472,0.22749914074616714,0.06309139615658554,0.5672836633131646,0.3768880563581379,afrollama_v1_uhura_truthfulqa_5shot,afrollama_v1,uhura_truthfulqa,5
eng,804,0.2997512437810945,0.46406118738562313,0.16729915067924195,0.2575357798447132,0.1643099436045286,0.5383872703286336,0.31120277703165466,afrollama_v1_uhura_truthfulqa_5shot,afrollama_v1,uhura_truthfulqa,5
hau,803,0.37608966376089664,0.44393340387795666,0.07141597377853108,0.2511697166386849,0.06784374011706001,0.5510436081479426,0.38514232098876666,afrollama_v1_uhura_truthfulqa_5shot,afrollama_v1,uhura_truthfulqa,5
nso,803,0.28019925280199254,0.5326737632341729,0.25247451043218044,0.27845125652376074,0.2524745104321804,0.5849134948096886,0.3215539927680118,afrollama_v1_uhura_truthfulqa_5shot,afrollama_v1,uhura_truthfulqa,5
swa,802,0.3428927680798005,0.466622793503533,0.12373002542373249,0.2519990655890374,0.12373002542373246,0.5635190615835778,0.36782168922288155,afrollama_v1_uhura_truthfulqa_5shot,afrollama_v1,uhura_truthfulqa,5
yor,804,0.3818407960199005,0.41314293125375584,0.06054629600463223,0.2475252763573218,0.03130213523385533,0.5524023620550665,0.4005378334351911,afrollama_v1_uhura_truthfulqa_5shot,afrollama_v1,uhura_truthfulqa,5
zul,773,0.35575679172056923,0.44609315514101866,0.09414625784712342,0.24756548702244735,0.09033636342044943,0.5508652792990143,0.3848689246352136,afrollama_v1_uhura_truthfulqa_5shot,afrollama_v1,uhura_truthfulqa,5
amh,500,0.24,0.3478432148694992,0.11353693687915804,0.19395552448305384,0.10784321486949922,0.550109649122807,0.2861049425461114,aya_expanse_8b_afrimmlu,aya_expanse_8b,afrimmlu,0
eng,500,0.52,0.48293738180398943,0.05720183283090593,0.2303874589589512,-0.03706261819601059,0.6699519230769231,0.657503922493268,aya_expanse_8b_afrimmlu,aya_expanse_8b,afrimmlu,0
ewe,500,0.274,0.4838347355723381,0.21073816734552386,0.26413206732771577,0.20983473557233806,0.5356618608111641,0.29995826145341004,aya_expanse_8b_afrimmlu,aya_expanse_8b,afrimmlu,0
fra,500,0.442,0.48207329434156415,0.0707012258172035,0.24308597101654567,0.04007329434156415,0.6085891759516048,0.5275431979482554,aya_expanse_8b_afrimmlu,aya_expanse_8b,afrimmlu,0
hau,500,0.308,0.47920065957307817,0.17209001487493514,0.2541867590077292,0.17120065957307817,0.5566023571803919,0.3528982227459899,aya_expanse_8b_afrimmlu,aya_expanse_8b,afrimmlu,0
ibo,500,0.262,0.47305081456899645,0.213997538626194,0.2644379253789702,0.21105081456899644,0.5163532551356048,0.2642650330098254,aya_expanse_8b_afrimmlu,aya_expanse_8b,afrimmlu,0
kin,500,0.286,0.4577648123502731,0.17176481235027316,0.24893292251268054,0.17176481235027313,0.5350140056022409,0.3144717891402764,aya_expanse_8b_afrimmlu,aya_expanse_8b,afrimmlu,0
lin,500,0.304,0.5101405856013298,0.20614058560132983,0.27913344300293896,0.2061405856013298,0.5187726860254084,0.3209612949538303,aya_expanse_8b_afrimmlu,aya_expanse_8b,afrimmlu,0
lug,500,0.298,0.45830728763341905,0.160307287633419,0.24702715193321934,0.16030728763341906,0.5818849308782196,0.33599759104932087,aya_expanse_8b_afrimmlu,aya_expanse_8b,afrimmlu,0
orm,500,0.294,0.4655526697039604,0.1715526697039604,0.2530714453053329,0.17155266970396044,0.5328669711510667,0.32468896289422733,aya_expanse_8b_afrimmlu,aya_expanse_8b,afrimmlu,0
sna,500,0.294,0.48147246956825257,0.19258994603157042,0.27914722272883613,0.1874724695682526,0.49380432059509355,0.2855438821194925,aya_expanse_8b_afrimmlu,aya_expanse_8b,afrimmlu,0
sot,500,0.304,0.4814326567053795,0.18351174515485763,0.2809957830178904,0.1774326567053795,0.4661222020568663,0.27772538698107985,aya_expanse_8b_afrimmlu,aya_expanse_8b,afrimmlu,0
swa,500,0.312,0.45772381871938705,0.15122503298521042,0.2530485243434386,0.14572381871938705,0.5213457811568276,0.3303360495941221,aya_expanse_8b_afrimmlu,aya_expanse_8b,afrimmlu,0
twi,500,0.296,0.46901368606090543,0.17445890748500828,0.26887748058454813,0.17301368606090545,0.49325284090909094,0.2856346257695569,aya_expanse_8b_afrimmlu,aya_expanse_8b,afrimmlu,0
wol,500,0.276,0.4877992935180664,0.2117992935180664,0.265462486388871,0.21179929351806637,0.5345103691248299,0.3031828194117754,aya_expanse_8b_afrimmlu,aya_expanse_8b,afrimmlu,0
xho,500,0.256,0.472193445622921,0.21705860692262646,0.26393485433366143,0.21619344562292098,0.48529905913978494,0.24597966585516795,aya_expanse_8b_afrimmlu,aya_expanse_8b,afrimmlu,0
yor,500,0.3,0.4544038035273552,0.1544038035273552,0.2451836628839921,0.15440380352735522,0.551104761904762,0.33858709475971904,aya_expanse_8b_afrimmlu,aya_expanse_8b,afrimmlu,0
zul,500,0.292,0.46531734758615495,0.17331734758615494,0.262364167411673,0.17331734758615497,0.4914480303382091,0.2865246827659778,aya_expanse_8b_afrimmlu,aya_expanse_8b,afrimmlu,0
amh,797,0.30238393977415307,0.37553447615846036,0.07651959985980725,0.21717167182413527,0.0731505363843073,0.5709871936475716,0.34260694900687144,aya_expanse_8b_uhura_truthfulqa,aya_expanse_8b,uhura_truthfulqa,0
eng,809,0.3584672435105068,0.4155547810057627,0.07519595448402008,0.24140610587887434,0.05708753749525591,0.5879011361371338,0.4006666898940435,aya_expanse_8b_uhura_truthfulqa,aya_expanse_8b,uhura_truthfulqa,0
hau,808,0.30198019801980197,0.536492762884291,0.23451256486448913,0.2799535316022094,0.23451256486448907,0.5643675154051855,0.34084413461780017,aya_expanse_8b_uhura_truthfulqa,aya_expanse_8b,uhura_truthfulqa,0
nso,808,0.2599009900990099,0.5525531969816968,0.2926522068826869,0.2965781471259204,0.2926522068826869,0.5711259754738016,0.2823018197395918,aya_expanse_8b_uhura_truthfulqa,aya_expanse_8b,uhura_truthfulqa,0
swa,807,0.3135068153655514,0.527530892335497,0.2151871637488534,0.27226264449881415,0.21402407696994558,0.578794537749176,0.3471681050570734,aya_expanse_8b_uhura_truthfulqa,aya_expanse_8b,uhura_truthfulqa,0
yor,809,0.3510506798516687,0.4923512231655262,0.1413005433138575,0.26207459300655744,0.1413005433138575,0.5598524480214622,0.36952799914346723,aya_expanse_8b_uhura_truthfulqa,aya_expanse_8b,uhura_truthfulqa,0
zul,778,0.31876606683804626,0.5555542501738261,0.2367881833357799,0.29418566140927005,0.23678818333577983,0.5460818624467437,0.34248219454003737,aya_expanse_8b_uhura_truthfulqa,aya_expanse_8b,uhura_truthfulqa,0
amh,792,0.380050505050505,0.3811384614067848,0.033219928618031316,0.23055496241797635,0.0010879563562797845,0.6009161586294159,0.45037297909245255,aya_expanse_8b_uhura_truthfulqa_5shot,aya_expanse_8b,uhura_truthfulqa,5
eng,804,0.3793532338308458,0.4370075540793179,0.06562125595722033,0.23965204892060346,0.05765432024847211,0.6023456749564704,0.438525366478342,aya_expanse_8b_uhura_truthfulqa_5shot,aya_expanse_8b,uhura_truthfulqa,5
hau,803,0.30884184308841844,0.5335622857397847,0.2247204426513662,0.27964667809258953,0.22472044265136626,0.56512641673932,0.3423873343052925,aya_expanse_8b_uhura_truthfulqa_5shot,aya_expanse_8b,uhura_truthfulqa,5
nso,803,0.286425902864259,0.539302680367699,0.25287677750343995,0.28591608260287504,0.25287677750344,0.5642992639805751,0.30962655357276925,aya_expanse_8b_uhura_truthfulqa_5shot,aya_expanse_8b,uhura_truthfulqa,5
swa,802,0.30798004987531175,0.5415222243849476,0.2353757308085363,0.28368032755865247,0.23354217450963582,0.5574059889849363,0.3348166420241043,aya_expanse_8b_uhura_truthfulqa_5shot,aya_expanse_8b,uhura_truthfulqa,5
yor,804,0.35572139303482586,0.49072108977469636,0.13802431857407982,0.25668356240206985,0.1349996967398705,0.575019575019575,0.39009837473795594,aya_expanse_8b_uhura_truthfulqa_5shot,aya_expanse_8b,uhura_truthfulqa,5
zul,773,0.3014230271668823,0.545526873942026,0.24410384677514374,0.28232125611045555,0.24410384677514374,0.5810920362422508,0.3422923081477232,aya_expanse_8b_uhura_truthfulqa_5shot,aya_expanse_8b,uhura_truthfulqa,5
amh,500,0.268,0.5801156479716301,0.3144938822388649,0.3278726262061204,0.31211564797163005,0.49977571160590484,0.2609843564614934,gemma4_12b_afrimmlu,gemma4_12b,afrimmlu,0
eng,500,0.296,0.5994325487017631,0.31109394592046735,0.343931849342104,0.3034325487017631,0.47210918304668303,0.29161496727162334,gemma4_12b_afrimmlu,gemma4_12b,afrimmlu,0
ewe,500,0.252,0.6255873418450355,0.37358734184503556,0.3536707516701657,0.3735873418450355,0.554791613615143,0.28458857485483224,gemma4_12b_afrimmlu,gemma4_12b,afrimmlu,0
fra,500,0.244,0.6271554359197616,0.3831554359197617,0.3632276728827266,0.38315543591976164,0.5175644028103045,0.267168339361339,gemma4_12b_afrimmlu,gemma4_12b,afrimmlu,0
hau,500,0.308,0.6166594824790954,0.30865948247909547,0.3413308544561712,0.3086594824790954,0.5152390961639517,0.32026658082528847,gemma4_12b_afrimmlu,gemma4_12b,afrimmlu,0
ibo,500,0.288,0.6171888871788979,0.3291888871788978,0.337642745648538,0.3291888871788979,0.5563163233458178,0.32065995629158756,gemma4_12b_afrimmlu,gemma4_12b,afrimmlu,0
kin,500,0.278,0.6104860184192658,0.3324860184192657,0.33542708939991905,0.3324860184192657,0.5491141712668647,0.3254874149738282,gemma4_12b_afrimmlu,gemma4_12b,afrimmlu,0
lin,500,0.264,0.6260229267477989,0.36499626928567885,0.3576954647132948,0.3620229267477989,0.5278944334650857,0.3096917524056053,gemma4_12b_afrimmlu,gemma4_12b,afrimmlu,0
lug,500,0.268,0.5996741290688514,0.33460778921842577,0.3265869701123163,0.3316741290688514,0.5653087023896909,0.3179896547481778,gemma4_12b_afrimmlu,gemma4_12b,afrimmlu,0
orm,500,0.258,0.6043407886624336,0.3463407886624336,0.35345519899050915,0.34634078866243356,0.4917152468710169,0.24857180719620542,gemma4_12b_afrimmlu,gemma4_12b,afrimmlu,0
sna,500,0.248,0.6168496457934379,0.36884964579343804,0.3540343275008322,0.36884964579343793,0.5429821551132464,0.2718701642695745,gemma4_12b_afrimmlu,gemma4_12b,afrimmlu,0
sot,500,0.26,0.6110072647333145,0.3510072647333145,0.34168521032628596,0.35100726473331445,0.5387525987525987,0.2998069400863731,gemma4_12b_afrimmlu,gemma4_12b,afrimmlu,0
swa,500,0.28,0.6052117611169815,0.32521176111698147,0.3391807247002713,0.32521176111698147,0.5078174603174603,0.2915284222462272,gemma4_12b_afrimmlu,gemma4_12b,afrimmlu,0
twi,500,0.276,0.610143794119358,0.3341437941193581,0.35081987254262387,0.334143794119358,0.5003803346945311,0.27927263489435383,gemma4_12b_afrimmlu,gemma4_12b,afrimmlu,0
wol,500,0.266,0.6091295772790909,0.3431295772790909,0.34171040094857935,0.3431295772790909,0.5222798139763577,0.2877061269319753,gemma4_12b_afrimmlu,gemma4_12b,afrimmlu,0
xho,500,0.288,0.6107388174533844,0.3227388174533844,0.344868770482241,0.32273881745338445,0.5083099250936329,0.29055467788445666,gemma4_12b_afrimmlu,gemma4_12b,afrimmlu,0
yor,500,0.25,0.5990057615637779,0.34900576156377794,0.34751524897390745,0.34900576156377794,0.49463466666666667,0.24370416705577552,gemma4_12b_afrimmlu,gemma4_12b,afrimmlu,0
zul,500,0.252,0.6143267601132393,0.3623267601132393,0.34376488228110247,0.3623267601132393,0.5586113233172056,0.2928581125136427,gemma4_12b_afrimmlu,gemma4_12b,afrimmlu,0
amh,797,0.27352572145545795,0.5664572277137895,0.29293150625833153,0.2949548678684962,0.29293150625833153,0.5844702191377098,0.3195134877900233,gemma4_12b_uhura_truthfulqa,gemma4_12b,uhura_truthfulqa,0
eng,809,0.3288009888751545,0.5397135005856326,0.21210293556541684,0.26014819376887055,0.2109125117104781,0.6477035129259614,0.4236404136377042,gemma4_12b_uhura_truthfulqa,gemma4_12b,uhura_truthfulqa,0
hau,808,0.3972772277227723,0.6180242584040849,0.22257205452954415,0.29384478941423153,0.22074703068131263,0.59902000294255,0.4578638561856686,gemma4_12b_uhura_truthfulqa,gemma4_12b,uhura_truthfulqa,0
nso,808,0.3787128712871287,0.6088300342164418,0.23217619608829515,0.30967047753265764,0.23011716292931306,0.5632177173658308,0.3863698346966612,gemma4_12b_uhura_truthfulqa,gemma4_12b,uhura_truthfulqa,0
swa,807,0.32837670384138784,0.6011915807756497,0.2728148769342618,0.3115053559913218,0.2728148769342619,0.5691707860474831,0.3611226423466535,gemma4_12b_uhura_truthfulqa,gemma4_12b,uhura_truthfulqa,0
yor,809,0.3288009888751545,0.5826994124316461,0.2557178945343928,0.291262253792016,0.2538984235564916,0.6033869203395228,0.3837048141954158,gemma4_12b_uhura_truthfulqa,gemma4_12b,uhura_truthfulqa,0
zul,778,0.34318766066838047,0.6090624104888396,0.26587474982045917,0.32125164866313227,0.2658747498204591,0.5356684770260267,0.37392154819143686,gemma4_12b_uhura_truthfulqa,gemma4_12b,uhura_truthfulqa,0
amh,792,0.3106060606060606,0.6934838979457966,0.3833134244713518,0.3781483887950734,0.38287783733973596,0.5731632865779208,0.3620150881516747,gemma4_12b_uhura_truthfulqa_5shot,gemma4_12b,uhura_truthfulqa,5
eng,804,0.2835820895522388,0.585925956437392,0.30376270456026444,0.3220465983319731,0.3023438668851532,0.565667641325536,0.30318943461614406,gemma4_12b_uhura_truthfulqa_5shot,gemma4_12b,uhura_truthfulqa,5
hau,803,0.3026151930261519,0.6422996709533825,0.33968447792723044,0.34237514728396223,0.33968447792723055,0.58369341563786,0.34836067869608767,gemma4_12b_uhura_truthfulqa_5shot,gemma4_12b,uhura_truthfulqa,5
nso,803,0.28019925280199254,0.6653680873392231,0.3851688345372306,0.3631236865448468,0.3851688345372306,0.6080968858131488,0.33578166332141157,gemma4_12b_uhura_truthfulqa_5shot,gemma4_12b,uhura_truthfulqa,5
swa,802,0.3092269326683292,0.6327393684081009,0.3247503517497507,0.3440955700152216,0.3235124357397717,0.5357662746011412,0.33031252741732653,gemma4_12b_uhura_truthfulqa_5shot,gemma4_12b,uhura_truthfulqa,5
yor,804,0.36069651741293535,0.5728491930596864,0.21215267564675105,0.29144265942577263,0.21215267564675105,0.5704481416879109,0.3952102644390385,gemma4_12b_uhura_truthfulqa_5shot,gemma4_12b,uhura_truthfulqa,5
zul,773,0.2858990944372574,0.6586329035200709,0.37397504018626887,0.3632123924148954,0.37273380908281345,0.5715374778674012,0.32754251993804734,gemma4_12b_uhura_truthfulqa_5shot,gemma4_12b,uhura_truthfulqa,5
amh,500,0.286,0.3687279484272003,0.08417272186279295,0.20723479338627276,0.08272794842720033,0.5720162190750426,0.35667098289734656,qwen3_4b_instruct_afrimmlu,qwen3_4b_instruct,afrimmlu,0
eng,500,0.526,0.5371050772070884,0.06170916253328325,0.22604197692682676,0.01110507720708842,0.6912290834416261,0.6607505963575389,qwen3_4b_instruct_afrimmlu,qwen3_4b_instruct,afrimmlu,0
ewe,500,0.288,0.4578439088463783,0.17450875908136368,0.25868317520123046,0.16984390884637834,0.5100070224719101,0.2948905085822623,qwen3_4b_instruct_afrimmlu,qwen3_4b_instruct,afrimmlu,0
fra,500,0.372,0.48098604881763457,0.11446874582767487,0.22465482385276664,0.10898604881763457,0.6704335319498664,0.5047565560477474,qwen3_4b_instruct_afrimmlu,qwen3_4b_instruct,afrimmlu,0
hau,500,0.304,0.4448991786241531,0.14089917862415313,0.24160839458100639,0.14089917862415313,0.5518186630369025,0.34887674420362774,qwen3_4b_instruct_afrimmlu,qwen3_4b_instruct,afrimmlu,0
ibo,500,0.258,0.4603640855550766,0.2023640855550766,0.24966181201962456,0.20236408555507657,0.5631960550784596,0.28577396233223346,qwen3_4b_instruct_afrimmlu,qwen3_4b_instruct,afrimmlu,0
kin,500,0.286,0.4377795487642288,0.15214691531658173,0.2389717963578705,0.15177954876422883,0.5239074650839357,0.3130409918927839,qwen3_4b_instruct_afrimmlu,qwen3_4b_instruct,afrimmlu,0
lin,500,0.304,0.4837769127488136,0.17977691274881363,0.2620263566346732,0.17977691274881363,0.5485859044162129,0.3387748772000089,qwen3_4b_instruct_afrimmlu,qwen3_4b_instruct,afrimmlu,0
lug,500,0.34,0.43474641543626785,0.09712595611810684,0.24393735807201666,0.09474641543626783,0.5559180035650624,0.3818305394758936,qwen3_4b_instruct_afrimmlu,qwen3_4b_instruct,afrimmlu,0
orm,500,0.3,0.42817705011367796,0.12837825560569766,0.2363243271159671,0.12817705011367797,0.5532761904761905,0.32771108334463656,qwen3_4b_instruct_afrimmlu,qwen3_4b_instruct,afrimmlu,0
sna,500,0.318,0.4568011959195137,0.1413672897219658,0.2558501962627659,0.13880119591951368,0.5423006695069994,0.33359644329201066,qwen3_4b_instruct_afrimmlu,qwen3_4b_instruct,afrimmlu,0
sot,500,0.3,0.4764872495532036,0.18114664655923843,0.27391889998920965,0.1764872495532036,0.4879047619047619,0.29516351311248923,qwen3_4b_instruct_afrimmlu,qwen3_4b_instruct,afrimmlu,0
swa,500,0.312,0.4510014701485634,0.1390014701485634,0.25704041985476517,0.1390014701485634,0.5214482707215266,0.3143795991829431,qwen3_4b_instruct_afrimmlu,qwen3_4b_instruct,afrimmlu,0
twi,500,0.294,0.4551577378511429,0.16465489065647126,0.25880583835595833,0.1611577378511429,0.5129309514173942,0.2924595379603668,qwen3_4b_instruct_afrimmlu,qwen3_4b_instruct,afrimmlu,0
wol,500,0.268,0.4504614607691765,0.18246146076917646,0.2446697936996096,0.18246146076917646,0.5415137427616018,0.29265481435946694,qwen3_4b_instruct_afrimmlu,qwen3_4b_instruct,afrimmlu,0
xho,500,0.28,0.4569234257340431,0.17763317316770552,0.2538400269763491,0.17692342573404307,0.5210317460317461,0.28414014063320747,qwen3_4b_instruct_afrimmlu,qwen3_4b_instruct,afrimmlu,0
yor,500,0.308,0.4335830491185188,0.12558304911851884,0.2388282724127386,0.1255830491185188,0.5761579461001426,0.34905167281620764,qwen3_4b_instruct_afrimmlu,qwen3_4b_instruct,afrimmlu,0
zul,500,0.286,0.4489719007611275,0.16660262399911877,0.25230145862584435,0.1629719007611275,0.509039979628215,0.2994140234960764,qwen3_4b_instruct_afrimmlu,qwen3_4b_instruct,afrimmlu,0
amh,797,0.3726474278544542,0.3972753440421378,0.04179612957548765,0.23243941775835647,0.02462791618768362,0.5870639730639731,0.4295776787400924,qwen3_4b_instruct_uhura_truthfulqa,qwen3_4b_instruct,uhura_truthfulqa,0
eng,809,0.380716934487021,0.44430572417080033,0.071511247175733,0.24360060994364602,0.06358878968377935,0.5919848614459393,0.43658033628231696,qwen3_4b_instruct_uhura_truthfulqa,qwen3_4b_instruct,uhura_truthfulqa,0
hau,808,0.30816831683168316,0.5067663884694034,0.19859807163772022,0.2725992217704851,0.1985980716377202,0.5304150412023766,0.32430599755996314,qwen3_4b_instruct_uhura_truthfulqa,qwen3_4b_instruct,uhura_truthfulqa,0
nso,808,0.2698019801980198,0.5318463338483678,0.26204435365034806,0.2933185583456618,0.26204435365034795,0.5354765977297465,0.27487645139237454,qwen3_4b_instruct_uhura_truthfulqa,qwen3_4b_instruct,uhura_truthfulqa,0
swa,807,0.3345724907063197,0.4903858340214915,0.1569837019346017,0.25598245306454204,0.15581334331517177,0.5715497620525553,0.3684660638915276,qwen3_4b_instruct_uhura_truthfulqa,qwen3_4b_instruct,uhura_truthfulqa,0
yor,809,0.31025957972805934,0.46060009796186197,0.15034051823380262,0.2543262398827294,0.15034051823380262,0.5674934669922461,0.32507731646501714,qwen3_4b_instruct_uhura_truthfulqa,qwen3_4b_instruct,uhura_truthfulqa,0
zul,778,0.32390745501285345,0.5274684100883479,0.2035609550754944,0.27627313569775136,0.20356095507549443,0.5690219687367977,0.35186853434494825,qwen3_4b_instruct_uhura_truthfulqa,qwen3_4b_instruct,uhura_truthfulqa,0
amh,792,0.3939393939393939,0.405522783522052,0.058662139105074326,0.23513182576287597,0.011583389582658088,0.5977230235042735,0.4611233383880668,qwen3_4b_instruct_uhura_truthfulqa_5shot,qwen3_4b_instruct,uhura_truthfulqa,5
eng,804,0.44154228855721395,0.4902456877799473,0.07621611719626695,0.24843913837949688,0.04870339922273337,0.6095423319426582,0.5167463330606219,qwen3_4b_instruct_uhura_truthfulqa_5shot,qwen3_4b_instruct,uhura_truthfulqa,5
hau,803,0.32254047322540474,0.5151277884822408,0.194281964529199,0.2721476548145634,0.1925873152568361,0.5554238587326823,0.353582914900766,qwen3_4b_instruct_uhura_truthfulqa_5shot,qwen3_4b_instruct,uhura_truthfulqa,5
nso,803,0.30510585305105853,0.5082087017976183,0.20428939113581313,0.2663227525813028,0.20310284874655982,0.5748884500036574,0.33271529510605946,qwen3_4b_instruct_uhura_truthfulqa_5shot,qwen3_4b_instruct,uhura_truthfulqa,5
swa,802,0.3491271820448878,0.5012420162447075,0.1538378317605825,0.25613717189946894,0.15211483419981975,0.594376026272578,0.39479716321307423,qwen3_4b_instruct_uhura_truthfulqa_5shot,qwen3_4b_instruct,uhura_truthfulqa,5
yor,804,0.35572139303482586,0.4641848690993157,0.11144384271025065,0.2592543936057434,0.10846347606448986,0.5572265572265572,0.3681530862125166,qwen3_4b_instruct_uhura_truthfulqa_5shot,qwen3_4b_instruct,uhura_truthfulqa,5
zul,773,0.3169469598965071,0.506924519563554,0.19122418526073323,0.2684669652263661,0.18997755966704688,0.5535173160173161,0.33692133664635326,qwen3_4b_instruct_uhura_truthfulqa_5shot,qwen3_4b_instruct,uhura_truthfulqa,5
